sample,analysis_type_uid,PC1,PC2,PC3,PC4,PC5,PC6,PC7,PC8,PC9,PC10,PC11,PC12,PC13,PC14,PC15,PC16,PC17,PC18,PC19,PC20,PC21,PC22,PC23,PC24,PC25,PC26,PC27,PC28,PC29,PC30,PC31,PC32,PC33,PC34,PC35,PC36,PC37,PC38,PC39,PC40,PC41,PC42,PC43
C3/C1-C3v-C1q-C1n-C1cq,74118,0.011474406870029038,-0.001136384602315723,-0.000682665452952138,0.007874814706874723,0.04096268470393159,-0.01630461550283156,-0.009666090604828736,0.0019452162497198642,0.006892081986568226,0.00033613398234718544,0.006782961635156473,-0.004299106803817497,-0.007591667980377045,0.002099573148905984,0.0032682981198182363,-0.0003991996353417949,-0.00017466402635640536,-0.0011781195439370834,0.00540518213767175,-0.0030952725327726147,-0.0013104325446869518,-0.00036950527993087845,4.780294398606207e-05,-5.390486475712925e-05,0.0001409825757569819,-0.000617171706692716,0.0006389301251080958,-0.00010218221366124796,0.0005841580163194765,0.000513803754658235,-0.0,0.0,0.0,0.0,0.0,0.0,0.0,0.0,0.0,0.0,0.0,0.0,0.0
C21-C21u-C3-C21w-C21v,74131,-0.02484898945470878,0.007691814648625023,-0.0039621461702484045,-0.007816960249885504,-0.011003766332037108,-0.0036523577149777903,-0.0016904326934660116,0.0017260009768886985,0.0043978091890328605,0.00017028849975097549,-0.0036198223840917827,-0.0024409464530634763,0.0024308324133249736,0.0017733725920943092,-0.0011423160676551807,0.0019760676920935407,0.0006897085921539165,-0.0009373754438571271,0.0004112912347256425,-0.0012810902255136268,-0.004655953912203168,0.009635622401026125,0.0003125900396406218,0.000530250049160528,-0.00024267479591308984,2.7730265592115782e-05,0.00012200658697277496,7.617199124259248e-06,0.00021340233095767914,-3.898654531799018e-05,-0.0,-0.0,0.0,0.0,0.0,0.0,0.0,0.0,0.0,0.0,0.0,0.0,0.0
C3/C3v/C1-C1q-C1n,73879,0.023042027772953045,-0.0011970082779897695,-0.001421614033066236,0.009460534748989337,0.04999948214994283,-0.020524213255669162,-0.005662337660637425,0.0027789079616726787,0.008508798801497798,0.0002947204139877197,-0.0009347941837786061,-0.0005359847929552375,-0.00071806081397474,-0.0008959115703243803,-0.00041691517706672463,0.0002859704713628726,-0.0010452047813919341,-0.0019096422117157738,0.002256169567769076,-0.0026481612704344275,-0.00076913329648368,-0.0004947090138451562,0.000149676251369989,-9.686287171291837e-05,0.0006090167821171041,-0.0002606520826482667,0.00011154855037501715,-0.00014013320868837907,-0.00027423839877926476,-0.00021896432569114242,-0.0,-0.0,-0.0,0.0,0.0,0.0,0.0,0.0,0.0,0.0,0.0,0.0,0.0
C21-C3-C21ag-C21af,74017,-0.023321077898534447,0.004957394572406003,-0.0016153746446024013,-0.008095382531304362,-0.011394304787177338,-0.0033626081452365997,-0.0019332647027547841,0.0018600704278833242,0.004621931753129045,0.00018033793775613666,-0.0035246482626021796,-0.002552330621235842,0.002507981675793787,0.0017500227889778856,-0.001225076217219954,0.002093327887275183,0.0004778693404780909,-0.0005999219062105282,0.00041684788708525923,-0.0005185078360611421,-0.0006846794260093764,-0.001959591585204827,-0.00018056827092203436,-0.001843090310640742,0.0005880767527513109,-0.0014221677556657054,-0.004472706483612044,-0.0004903764302312276,0.002874607283410339,-0.00010594768518786147,-0.0,-0.0,0.0,0.0,0.0,0.0,0.0,0.0,0.0,0.0,0.0,0.0,0.0
C3/C21/C3av-C3at-C3b-C3dp,73890,-0.02338920006097482,0.005129653058402833,-0.0014447989298901852,-0.008628395400314218,-0.01102600299785128,-0.0038633516537592526,-0.0016587134886920226,0.001716366176920932,0.004377835724607816,0.0001560508389698311,-0.0036034754681801163,-0.0023834040142497403,0.002349707511585064,0.0016748179496410673,-0.0011217245001368824,0.0017855566732220176,0.00048191878930840587,-0.0005918892582533433,0.0003132575969797368,-0.0007683660494935953,-0.0014693005780470176,-0.003138468167162867,-0.0005856290856114104,0.006942976657961588,-0.0020463899767310546,-9.724721008609308e-06,0.0005147975364373524,4.2656619517939e-06,0.0005678605053715459,-7.079680231997195e-05,-0.0,-0.0,-0.0,0.0,0.0,0.0,0.0,0.0,0.0,0.0,0.0,0.0,0.0
C3/C1n/C3v/C1-C1q-C89-C3az-C1aa,73889,0.03529134695667814,-0.001157118216586157,-0.0020177523411050225,0.011285907304535183,0.06162695781505771,-0.025565122998177182,-0.0006524896603996509,0.003837867464999919,0.011321738700239907,0.0003017456381930348,-0.007967985414826559,0.0018356538325330581,0.008773830716053888,-0.0043055941342181716,-0.0028670305088273782,-0.00048549710816679794,0.0015296307016880598,0.0016862626797792095,-0.001960512934719606,0.004168945520222064,0.0008491098182048016,0.00028273264502583613,-0.00019401419455894746,-0.00018783647043384117,-0.0005313134786783074,-6.60954209871374e-05,4.326082521724527e-05,0.00014867889568894154,-6.288642786952999e-06,6.681860399614328e-05,-0.0,0.0,0.0,0.0,0.0,0.0,0.0,0.0,0.0,0.0,0.0,0.0,0.0
C3/C1-C1n-C3v-C1q-C3fh,74154,0.002075488924053517,-0.0008928957765739961,-0.0010305020280265433,0.005217876939383879,0.022783129588284948,-0.008132378624591815,-0.009685828232718158,0.0016957001257381994,0.004332409489389901,0.00028615423336525344,0.008755263554298703,-0.0045888143843533305,-0.00831389054809627,0.006295011395652838,0.004631035762440809,0.0002343307766698365,0.0013374843244992824,0.0003096568522593959,-0.009835642473035599,-0.0010877818591266866,-0.0004433937566725421,0.00013860573139175915,-5.956705439966997e-05,0.00036144421105313297,-0.00010960646703837794,0.0013614586065806473,-0.001215739962705448,0.00011272872149288216,-0.0005826572398047513,-0.0005724145072407472,-0.0,-0.0,0.0,0.0,0.0,0.0,0.0,0.0,0.0,0.0,0.0,0.0,0.0
C1/C42.2/C3-C1b,74155,0.030998991081649368,-0.0017193205806464867,-0.004865968582304533,0.0028007356108139775,-0.0042090687166830495,0.002442712150286114,0.00037809062237102026,0.001511435965430689,0.0038451425457343446,0.00019732694584465396,0.0023151735010262823,-0.0007256752612610849,-0.006181588323750869,0.0021603750070673996,-0.003982175011916474,0.0034934569618644312,-0.007633189670582652,-0.003139111745673465,-0.00011159721660388778,0.006811644821148806,-0.0035938075121823548,-0.0006949804997635939,-0.0011204379368113893,-0.00023281603151203344,0.0002604142794664029,-0.00027230190726416383,0.000179625135569558,-0.0012948071085372654,-0.0002619702724425859,-1.623413963417657e-07,-0.0,-0.0,-0.0,0.0,0.0,0.0,0.0,0.0,0.0,0.0,0.0,0.0,0.0
C1/C1b/C3-C1u-C1bo,74032,0.018749228607843317,-0.0011184094743965757,-0.004135545772246319,0.005399398491391657,0.006561092924990044,0.004545401264686964,-0.001123292379710717,3.481953009476517e-05,-0.0036294580610273363,-0.0001347588084738995,-0.002125888321294566,0.0021674489965666484,0.003627973340294553,0.0003399073046242351,-0.006589712017728067,0.0037575795558291315,-0.007357634567834075,0.009622563619163407,0.0003433762917522234,0.005314810424393643,0.005047885249251841,0.0019126809655399184,-7.646749560015123e-05,0.0005729680280068663,-0.0013275042802321992,0.0009220847983451497,-0.00046942151675648296,0.00017016703221765797,0.0005274953217059417,-1.0792952169434062e-05,-0.0,0.0,-0.0,0.0,0.0,0.0,0.0,0.0,0.0,0.0,0.0,0.0,0.0
C21-C21am-C3,74165,-0.023343329287276504,0.005006473019633907,-0.0015655109083691893,-0.00823750751022933,-0.011299873740306342,-0.0035033424769325356,-0.001854720988563373,0.0018198540064899092,0.0045528256179099644,0.0001779719784171723,-0.003545433300196932,-0.0025069758097988316,0.0024668683510306313,0.0017306450642071286,-0.0011975094430881365,0.002025631415849534,0.00048525679347520464,-0.0005949158882949663,0.0003911342905771336,-0.0005719599279563226,-0.0008411002399665984,-0.0021178066639902645,-0.00022666073119022802,-0.0023824622837637713,0.0008414962835260161,0.004763451072125334,0.0027745986433493617,-0.00014321009341473562,0.0016244378379375753,-9.639011054213346e-05,-0.0,-0.0,0.0,0.0,0.0,0.0,0.0,0.0,0.0,0.0,0.0,0.0,0.0
C50b/C1/C3-C1c-C1b,73913,0.000913276703001626,0.012713744807115079,0.04941329047692168,0.030551458482266924,0.016727066362973594,0.026956155964800343,-0.0065625006949180335,-0.016048081487955286,-0.01729023195787259,-0.0005688159242702726,0.0044396591942710536,-0.0133614381742193,-0.006126137955091752,0.0010199982943937043,0.0030278499789377646,-0.003986840980514092,0.001760071628749372,0.0013916283380495731,0.0011030582283989919,0.0016250324603779324,-0.0018899339326564027,-0.00021219806520497058,-0.0003350325100904901,-8.38674593503306e-05,-0.00036043314825681265,9.366527368588758e-05,-6.835538391525499e-05,7.828658258015267e-05,1.9438348524624724e-05,-1.6933275312745944e-05,-0.0,-0.0,0.0,0.0,0.0,0.0,0.0,0.0,0.0,0.0,0.0,0.0,0.0
C21-C21an-C21ao-C3,74172,-0.015042605231470916,0.0022970724725669966,-0.0011185782941737904,-0.0024134566417571674,-0.007343202082254594,0.0015653197689940144,-0.004711914275800375,0.002975690654598917,0.0021088714652988784,0.00018444528058507513,0.004733486744302934,0.0017176443389835892,-0.0006704185548262082,0.0047738436634229275,0.0006856504483215565,0.0018302205569390119,0.0006237784736457697,6.684268425353126e-05,-0.00595253507386823,0.00021852690858581664,0.0016608335310866953,-0.0001512310359854179,0.00030416930974759055,-0.0005211664625101458,0.0005580739405653859,-0.00227180791720163,0.00200614518419267,-0.00027961839187232184,0.0009019407964534476,0.0009937301181512732,-0.0,0.0,-0.0,0.0,0.0,0.0,0.0,0.0,0.0,0.0,0.0,0.0,0.0
C3/C3u/C3fq/C115-C1,74173,-0.025935810682996746,-0.014639447705097211,-0.002590068002735985,-0.003603526354790865,-0.00765236174400552,0.0004436174438940104,-0.004494030044135688,0.004668535187348769,0.002071585360128817,0.00023327358154465178,0.014987883520029905,0.0162204699022143,-0.003280246706477466,-0.017285391941634334,8.202557902772152e-05,-0.0037493249853237315,0.0007921137159597056,0.00024240495754116836,-0.001504953981279161,-2.886955007410512e-05,-0.0018271320048672808,-9.980003401153297e-05,-0.00031379731938985033,0.0004748010994507894,-0.0003474569550149898,0.002370206600744076,-0.002127357060567105,0.00016719400835313552,-0.0009089756037732079,0.0005552656209880744,-0.0,0.0,-0.0,0.0,0.0,0.0,0.0,0.0,0.0,0.0,0.0,0.0,0.0
C3u/C3-C115-C1,74174,-0.025344347521282076,-0.01763381571305797,-0.003585799419288565,-0.0013796366806135556,-0.008097840001625643,0.0021423464594833414,-0.005167824099694064,0.004467253065115804,0.0024141480582084065,0.00025232567080482696,0.012826433420380721,0.012225819622300994,-0.0024110914418678494,-0.011612907908938142,-7.51281003001659e-05,-0.0015798369476265255,0.0005211791725449067,5.37417787726429e-05,-0.0013327813430959242,0.00022370731941735942,0.0006239736898667487,-6.521252239322816e-05,0.00019444828561138695,-0.0006232843656722525,0.0003107082003177082,-0.002757251141170751,0.0024607614406540698,-0.0001681796885185297,0.001016234424208937,-0.0008349607470756756,-0.0,-0.0,0.0,0.0,0.0,0.0,0.0,0.0,0.0,0.0,0.0,0.0,0.0
C1-C1av-C1aw-C3ct-C3-C1c,74176,0.023112837477785836,-0.001214155295668165,-0.002024885957840163,0.005990161653062251,0.019215920643265407,0.008288696587812493,0.005772228936988481,-0.005394348580008642,-0.022111741724077434,-0.0011229621314043665,-0.02029776434759771,0.0171021258953701,-0.003925088430770568,-0.00044795952015552374,-0.006154976669158511,0.0034517759052762765,-0.008043037845026035,-0.008503778352271436,-0.003982167686120765,-0.0044866322946098824,-0.0008660146367635941,-0.0003846372673231293,8.778463665411219e-05,-3.395577120827418e-05,0.00022632053585914724,-2.5782211266959383e-05,-1.3285021897860103e-05,2.7707277583059563e-05,-4.7300175238738326e-05,1.6896215886447495e-05,-0.0,0.0,0.0,0.0,0.0,0.0,0.0,0.0,0.0,0.0,0.0,0.0,0.0
C1/C3,74054,0.004357750978581579,-0.0018294907709691514,-0.002987153298582881,0.004885019824092488,0.0005413898095435643,0.006105410425349499,-0.007317005923091328,0.0003557184016160232,-0.0019625932626521313,5.648133972703698e-05,0.005944485736955647,-0.0031972320764890568,-0.005737369216883947,0.005117340734459387,-0.0001349870079503149,0.0028710126562950036,-0.002829389936012056,-0.0018822973095157533,0.005379888159444226,-0.0016450762092029016,0.0016557593803005655,0.0003467018876501384,0.00025242100627115906,0.00029957864960627735,0.00027616823413341765,0.0004850003091486262,-0.00040959175619358106,-8.677188138936266e-05,-0.00017496630910645024,-3.609751266739602e-05,-0.0,-0.0,-0.0,0.0,0.0,0.0,0.0,0.0,0.0,0.0,0.0,0.0,0.0
C1/C3/C1c-C1b-C72k,74569,0.019709452841423242,-0.0016372549580746497,-0.0033126402854107596,0.0055457483130743924,0.005448307808489593,0.006334803260757577,-0.0018771053575878263,-0.0017045092142730553,-0.006736979807569607,-0.00027199654160177747,-0.0032343868610451585,5.996857591305856e-05,0.0039983733213343935,-0.00013179247025058724,-0.003014207240583735,-0.0015464215362103535,0.0021872950865896136,0.00019615454846736485,0.00013835805181894277,0.005938072912997472,-0.003755824627088126,-0.0007780891446440157,-0.0016184549046639849,7.383761031367208e-05,0.001777399578581792,-0.0004981045854160134,0.00026757894289778283,0.00019840361790806883,-0.00019021871645083076,1.9850815027340463e-06,-0.0,-0.0,-0.0,0.0,0.0,0.0,0.0,0.0,0.0,0.0,0.0,0.0,0.0
C1/C3-C1c-C1b-C72k-C1w,74570,0.027142330215243097,-0.0015988844560686456,-0.003792944915168774,0.004983834468612162,0.003421319610721349,0.006715334981763744,-0.0009290510742620431,-0.002000179093132851,-0.007440098451458904,-0.000316719884883442,-0.00416684484876513,-8.80894416155035e-05,0.0077841928445277035,-0.001532340738173313,0.0020553202519686146,-0.0027510180897128674,0.005417795868320788,0.0013891067129890781,-1.3525099626626922e-05,-0.00013111455794431943,-0.0015287396128040554,-0.00046193350548937056,0.00013148040988999793,0.00027652254363517287,0.001614184946210637,-0.0002270778832030876,1.733103903243115e-05,0.004194177069031341,0.000462771625404081,1.6233478837901074e-05,-0.0,-0.0,0.0,0.0,0.0,0.0,0.0,0.0,0.0,0.0,0.0,0.0,0.0
C3-C3de-C3bb-C21ae-C3an-C3s-C3dk,73930,-0.025434524694617655,0.008311000696714827,0.005664086143968896,-0.01066605023631241,-0.009094497185285148,-0.0068175339636366555,3.272970589100965e-05,-0.0014580491153167068,0.0023970555884197777,1.1037744590983752e-06,-0.005202383111287982,-0.003981386215983748,-2.0510625093030155e-05,0.002505532570560788,0.0014694284345221798,-0.02353653203535706,-0.010834469178602419,-0.0007296965594357857,-0.000292812062797687,-7.179593873135258e-05,0.0014802162324628917,0.000274108238395983,0.00016543133643628677,-5.5992761267213955e-05,9.298198586953044e-05,-0.00012403631938706164,7.04798671544399e-05,3.6866724937168455e-06,-7.654217704464805e-05,-6.085178639156056e-06,-0.0,-0.0,-0.0,0.0,0.0,0.0,0.0,0.0,0.0,0.0,0.0,0.0,0.0
C1d/C1/C42.2-C1b-C3cg-C3,74062,0.06096587327206165,-0.0014943326785512127,-0.006445774729187198,0.001376937661258712,-0.005627627964454101,0.007826268676612394,0.026689046084351856,0.0024376737086228527,0.010141645980438973,0.0003231681369214919,0.0028623854651085054,-0.001489409724050286,-0.005525585308149564,0.0015480778230382336,-0.007042441809314204,-0.0024659524197341125,0.0039516303228049315,0.0005570755714055115,-0.00011212075133911957,-0.002557152742301634,0.0007599645121533658,0.0003977784802958021,-0.006347839271362665,-0.0004436445049184958,-0.0005696292052403082,-0.0002152937642691445,0.00011560668604146351,0.0011043920531265566,0.00013302926930640376,1.092241917670708e-05,-0.0,0.0,-0.0,0.0,0.0,0.0,0.0,0.0,0.0,0.0,0.0,0.0,0.0
C21/C3,74193,-0.023051744119873017,0.004364461501020759,-0.0022296622915889625,-0.006445692850084353,-0.012524124500558906,-0.0017187293843897104,-0.0028890826029793816,0.0023587397010316606,0.005506522412002994,0.00023274933209384556,-0.003311822083263541,-0.0031272207013076387,0.0030948247059730187,0.00207811196865311,-0.0015940422522275357,0.0029255889418227897,0.00042190992105314645,-0.0007008464446306233,0.0007488346515085705,-9.464817702943989e-05,0.00037284200551539973,-0.0014732074927219854,-5.0411396577036e-06,-0.0012615927355699435,0.0001878556283170879,-0.0007349337399655276,-0.0001947643330026562,0.00036328673046994673,-0.002686896729757811,-0.00010167615829152254,-0.0,0.0,0.0,0.0,0.0,0.0,0.0,0.0,0.0,0.0,0.0,0.0,0.0
C42.2/C1-C1b-C3-C1au,74074,0.04745653485042384,-0.0016545590067169175,-0.006020053837496831,0.0015149896558951518,-0.008642994789956322,0.0034733717296853493,0.005461629154339103,0.001607559480371439,0.004805644086307785,0.00020210888642862378,0.0016274790627565983,-0.0013082173812723696,-0.0013421358285025733,0.0005131346814118378,0.0011244307021638067,0.000894568263217907,-0.0010813737650653618,-0.0009269445866531922,-0.00015693245628287306,0.00041545905528192045,-0.0015383003708934542,-0.000732890313388704,0.004803807368924082,0.00018180327852808584,0.0006790111299270077,-4.927709169401964e-05,-1.9801273274996852e-05,0.001153237028742299,8.760009230989512e-05,4.334671312838638e-06,-0.0,0.0,-0.0,0.0,0.0,0.0,0.0,0.0,0.0,0.0,0.0,0.0,0.0
C1d/C1/C42.2/C3-C1b-C3cg-C45c-C115k-C1au-C41p,74082,0.059070803833706415,-0.0014625901498859842,-0.006101740142296223,0.002030977712018191,-0.002096434488181347,0.009470793895915,0.03253064116749649,0.002506136298896681,0.010723860545278501,0.0003185687531283383,0.002780643788566782,-0.0011358717732346888,-0.006585037939095147,0.0020603625734658903,-0.011590355443772932,-0.003544118205548983,0.005599770521406472,0.001079605657863374,6.335465860407989e-06,-0.0002145847184810319,0.00017204151058775253,-0.00017112327224712347,0.0047976988227258965,0.00035450471494981794,0.0003470586334465196,0.00021236170499524414,-0.00011970255020751101,-0.0008204421460447505,-9.513449268518044e-05,-1.0908459579603341e-05,-0.0,-0.0,0.0,0.0,0.0,0.0,0.0,0.0,0.0,0.0,0.0,0.0,0.0
C42a/C42.2/C1/C1b/C1j/C3-C1au,74092,0.06576497434331158,-0.0014550934058598197,-0.006655826040007779,0.0013220485690653915,-0.005192494639970007,0.008836336351830749,0.028195520808601188,0.002122294966420679,0.008492238003273336,0.0002345260662864037,0.0009073889084379053,-0.0012440245519108428,0.006842475243320098,-0.0035319769399136352,0.021320619571231544,0.004811655795806924,-0.008270446737985937,-0.0013589879809183295,9.096048309014326e-06,0.0006913378256545425,-0.00032469122980933237,1.8171146466439457e-05,3.3045182135756726e-05,0.00011676061319264743,0.00020891413680450488,5.133486980854991e-05,-2.777870689970387e-05,-3.910508288809039e-05,1.9309699928614573e-05,-3.679027794831181e-07,-0.0,-0.0,0.0,0.0,0.0,0.0,0.0,0.0,0.0,0.0,0.0,0.0,0.0
C50c/C50a/C3/C1-C50f-C3b-C50u,74608,-0.04136648049174369,0.03322119999655242,0.0825300714853487,0.010562917068910067,-0.010819795734396485,-0.001098606740387294,-0.0016902602185804231,-0.046777173136713514,0.019854836181450022,0.0006085923177612149,0.003723334496183282,0.01245608167849399,0.004594959813791765,0.0041270857667942105,-0.0007747144109839756,0.0017876698291581312,4.4520869649452874e-05,-0.000344902972215315,0.00037257309626737337,-0.000281755710522423,0.0003433012357965167,1.2995936067528267e-05,5.7763386040575235e-05,2.795055117096873e-07,5.618165910487524e-05,1.2604007980604387e-05,-2.5790585490918313e-05,-3.86808709365531e-06,-4.5947018472845e-05,-1.271118819651731e-05,-0.0,-0.0,-0.0,0.0,0.0,0.0,0.0,0.0,0.0,0.0,0.0,0.0,0.0
C3k/C50a/C3-C3ba-C1-C50y-C3dq-C50f,74609,-0.04725756690925076,0.04450373834005682,0.12024476919637175,0.02408394502291269,-0.011339394135259273,0.0015509379871761662,0.0003267261675170257,0.038082519638021506,-0.004066698034168914,-3.1245682168230158e-06,0.004325561958768831,0.011362084344161718,0.005250315230803866,0.009948901036307394,0.0005019812781103371,-0.0006750672074443152,0.00044677328358847207,-1.9348413284360756e-05,0.001576151484359889,0.00014975098470575287,-0.0004244461035491544,-8.91744451355894e-05,-6.546178811687022e-05,-9.298194874579782e-06,-7.235606946785799e-05,0.00014722039946514905,-0.0001428953621618311,3.0314695807128008e-05,-8.427593479063852e-05,-4.9083398860674595e-05,-0.0,-0.0,0.0,0.0,0.0,0.0,0.0,0.0,0.0,0.0,0.0,0.0,0.0
C1-C1b-C1c-C42.2-C1br-C1bh-C1cb-C3,74610,0.03034330350587627,-0.001592977523849318,-0.004059129049934384,0.004605943590282824,0.0017699577609327482,0.006529484222206432,-0.0007747415715414535,-0.0018983643718430935,-0.006751689274388567,-0.0002866066673808724,-0.0037707249320459517,-0.000404994580553607,0.00681105504707769,-0.001355872868223111,0.0023721978594540504,-0.0025916567512221152,0.0048037626410239185,0.0008779549281739935,-0.00020991670287335253,-0.0011431182923845908,-0.002605821125977967,-0.0009917810699585894,0.0009265508276692998,-0.0023125654116434215,-0.006441715109869891,-0.00040455248307274405,0.0003823787234902193,-0.000843243532611135,5.383579653719927e-07,1.9169338032539923e-05,-0.0,0.0,-0.0,0.0,0.0,0.0,0.0,0.0,0.0,0.0,0.0,0.0,0.0
C1/C1c-C1b-C1al-C42.2,74554,0.03082257667685181,-0.0015401821495371493,-0.003844610036771827,0.004916338599321286,0.004282788514240397,0.007114054021984552,-0.0008135227072921296,-0.002587628003334367,-0.009632033933239663,-0.0004234416895920997,-0.005676656470767505,0.0005267978455006136,0.011204771302626608,-0.0024667156533950156,0.002886418640207632,-0.0040851446514260726,0.008503691260442257,0.002730454444199361,5.360216840315996e-05,-0.0014976789207406809,0.00023489900846325476,0.00012049578564240494,-0.0003518532119781287,0.0011331778827333371,0.003199608111907463,0.00020452951431954876,-8.211777771968004e-05,-0.0033833910408052987,-0.0003843057392620368,-4.313209625503504e-06,-0.0,0.0,-0.0,0.0,0.0,0.0,0.0,0.0,0.0,0.0,0.0,0.0,0.0
C15/C1,74191,-0.03637309581151546,-0.11560801389148895,-0.019539451553195586,0.02577782496789857,0.009917994720363974,0.017013241082460946,-0.0032777094376832032,-8.097690843426612e-05,-0.004433232959305691,-1.9990598702418964e-05,0.006186711883580478,-0.0018215100468696706,-0.0020347874848404696,0.005790338394080626,0.001878260804088169,0.0016302030422488936,0.0005449541786122266,0.00111681462794215,-0.006737554912576702,0.0003750227660232233,0.0013553143672600503,0.0003541242320847144,0.00014666747494124409,0.00013295675285502845,8.075726295796854e-05,0.00013039191500431466,-9.287701857100213e-05,-1.9891252681107947e-05,-8.236955559025893e-06,6.682689921998364e-05,-0.0,0.0,-0.0,0.0,0.0,0.0,0.0,0.0,0.0,0.0,0.0,0.0,0.0
C1/C93a,74199,-0.010948623058973171,-0.06936695680547633,-0.013916871297052224,0.021529986459633204,0.01092490993729142,0.01577364155149969,-0.0036878372783653735,0.00034017058113603696,-0.0043119805415306155,-2.1634164641543335e-05,0.005283214937989969,0.001355148396979931,-0.0006445049614163112,-0.0039798137525036085,-0.00223201334900846,0.001677975861435524,-0.0024784175268727725,-0.0008671725820313595,0.010268573821980646,-0.0003292033306118765,0.001069792104224298,0.0002038750502800247,0.0001281409360642288,2.7007558850360327e-05,-1.027216683154438e-05,-1.6874365317595027e-05,2.0635788045407634e-05,1.9985463078543277e-05,3.134677447503872e-06,-8.257692807820503e-05,-0.0,-0.0,0.0,0.0,0.0,0.0,0.0,0.0,0.0,0.0,0.0,0.0,0.0
C1,73852,0.02480724896058321,-0.001759724839285345,-0.004443022008470285,0.0036552701185092427,-0.0018080967249105222,0.002780280537910692,-0.0055057489231510265,0.0005228782566878802,-0.0014095427886047184,-1.2633691200409469e-05,-0.0009506868396034769,8.636016195936739e-05,0.0038558791004392845,-0.00017468774774110664,0.000892976503041225,0.0009093112702471468,0.0011167697053710282,0.00016298677301096817,9.166751811651642e-05,-0.0024293438540019217,0.004369516839813443,0.0009786298077954184,0.0004912545390938795,0.00020361569686903436,-0.00014852362136058474,0.00023932969947771,-0.00017996635705496312,0.0002509382544644995,-4.697150012377361e-05,-8.925319410797672e-05,-0.0,0.0,-0.0,0.0,0.0,0.0,0.0,0.0,0.0,0.0,0.0,0.0,0.0
C21,74000,-0.02306612044864153,0.004377548178049298,-0.0022147789314497877,-0.006450949314888965,-0.01253456404125709,-0.0017475036479698734,-0.0028682547815154663,0.002350957666638486,0.005488920319974914,0.0002363731177599576,-0.00332471982193334,-0.003136399322367758,0.0030868729570957144,0.0020580975822732618,-0.0015937028989988044,0.0029644069222054073,0.0004388135338115602,-0.0006914673336629157,0.00074422240176463,-9.794686698122573e-05,0.0004150344923129525,-0.0014470112265080489,8.159529003167869e-06,-0.0012886564761435564,0.0002045983912069409,-0.0007510565423248863,-0.00017631119153518188,0.0003543493938134294,-0.002649710828536988,1.1350190614753589e-05,-0.0,-0.0,-0.0,0.0,0.0,0.0,0.0,0.0,0.0,0.0,0.0,0.0,0.0
C21ai/C21,74028,-0.024569341980104513,0.0075773958489993645,0.0010012673188762628,-0.0160039279957417,-0.006172973287123678,-0.011781571194681437,0.0038596060735097155,-0.001428529688864652,-0.004212410435702887,-0.00041676687581720245,-0.01884446454148233,0.012413507542172828,-0.020368956974324913,0.0022798986890479656,0.011000974119331472,2.9587826408409e-05,0.0071491653817655305,0.006984153647619796,0.003083975850216674,0.0028179499150366772,0.0011732384476221644,0.00026050291660985553,1.1964196800437033e-05,-9.350459828197906e-05,-0.00011753109674612637,-8.264050791145338e-05,3.316833371092606e-05,2.4170173256647453e-05,-0.00010377259116509505,-2.5767993562505445e-05,-0.0,-0.0,-0.0,0.0,0.0,0.0,0.0,0.0,0.0,0.0,0.0,0.0,0.0
C17d/C31-C21-C17f-C17e-C21ac,73910,-0.07424299723854903,0.09590210181646439,-0.09106383506384069,0.020173830780986543,-0.007120612388177987,0.004896151661853425,-0.0018848808071230214,0.0009286000162253522,0.0016549278185069285,9.542205392270512e-05,0.00024845918375431594,-0.0009140010066279598,-0.00019514043770915457,0.00023510801980959443,0.0020045356777640467,-0.0014477616712380197,0.00611517623969153,-0.013794577543289532,0.0006767368387014558,0.0043184190115309815,0.0032531250441295897,0.0008271312384390708,-3.867042026612467e-05,0.00024379333804153347,-0.0005923949887584349,0.00038552447667863704,-0.00019694656169907314,7.323631932822726e-05,0.0002048555598538113,-4.904397935308921e-06,-0.0,0.0,-0.0,0.0,0.0,0.0,0.0,0.0,0.0,0.0,0.0,0.0,0.0
C31-C21-C31d-C21ac-C21aj,74040,-0.08067258373654353,0.10753544255531214,-0.1024399042168603,0.023790008955848277,-0.006293585950594934,0.006113257927085988,-0.001864955326155828,0.0007345973062571245,0.000646422168742451,5.70795082402632e-05,0.00038789458309571024,-6.108361182698214e-06,0.0007170973584578283,4.3281275738105215e-05,-0.002013766954625015,0.001800947028304661,-0.005411831500792476,0.012142550329752788,-0.000496253542734243,-0.0037624742332358473,-0.002667635863890582,-0.00099493755904828,3.6315497158449256e-05,-0.0002649002910298229,0.000538587587931193,-0.0003701860139285928,0.00017849674834191455,-5.785806981795206e-05,-0.00022322850254369352,1.903623381311841e-06,-0.0,-0.0,0.0,0.0,0.0,0.0,0.0,0.0,0.0,0.0,0.0,0.0,0.0
C8c/C8f-C42.2-C8e-C8,74181,0.17198083709305897,-0.0008234240689227303,-0.014000669712073454,-0.013281036003442524,-0.05073047348920085,-0.013838621755728612,-0.030309392578975636,-0.0007199352144627126,-0.002988871621610728,-1.816485427279164e-05,0.0005243802694452203,-5.639301304266333e-05,-0.0020312719933201296,0.0005609631309624261,-0.0019136452227726444,-7.338308644383524e-05,-0.00023721674976422014,-0.00010967498867577875,5.530104483962644e-06,0.00047250723475448066,-0.00034503643882640193,-8.303319943437649e-05,0.0005223187501778855,2.0380855555958955e-05,2.7569633346741517e-05,-1.0435794443564846e-06,-5.417947306597487e-07,0.0002679478652899,4.9021121150274475e-05,2.823268999155407e-06,-0.0,0.0,-0.0,0.0,0.0,0.0,0.0,0.0,0.0,0.0,0.0,0.0,0.0
C42.2,74200,0.07166231483126036,-0.001509276750716756,-0.007648033425062435,-0.0014041629121814923,-0.017514900867477194,9.614557660823977e-05,-0.0019203941481425852,0.001195217704256356,0.0033675307773546933,0.0001648926083082186,0.0013544071717959034,-0.0012424351622814945,-0.0005828845300991755,0.0002276859674192936,0.002059551639055447,0.0005806289778728124,-0.00017120381860999013,-0.0005389325387137988,-0.00015872581429369334,-0.0021004034279217057,0.0008005366048501209,0.0002488244237152453,-0.002755478392334816,-5.890737394948319e-05,6.863291732746117e-05,1.4888132747426138e-06,-1.439131328835706e-06,-0.001135452615924596,-0.00021008238085583846,-1.3695804434005236e-05,-0.0,-0.0,0.0,0.0,0.0,0.0,0.0,0.0,0.0,0.0,0.0,0.0,0.0
C1b,74678,0.024848147438304775,-0.0017571992165346206,-0.0044447905895143,0.003650779600690869,-0.001805283368991145,0.0027653187172758022,-0.005507813876358587,0.0005219129603060569,-0.00140642020563008,-1.2687789671596856e-05,-0.0009634438081936841,8.51129347719402e-05,0.0038706781784058975,-0.00018109036487330831,0.0008949291772762797,0.000904985919001715,0.00112219759010267,0.00017437311842264806,8.164211523906116e-05,-0.002419553774982884,0.004386321413877207,0.000986229313255986,0.0004789511837878141,0.00020389713145905287,-0.00015713337165588576,0.00023266842323730545,-0.0001702864554141744,0.00024391823545472031,-3.138506581043353e-05,5.016514875331647e-05,-0.0,-0.0,0.0,0.0,0.0,0.0,0.0,0.0,0.0,0.0,0.0,0.0,0.0
C3fn,74288,-0.025956220958520182,0.009647987241650918,0.002995076204871472,-0.02429154639703128,-0.0032533576140049633,-0.02838479308470559,0.015223549583748157,-0.007074756633314508,-0.021362209162264084,-0.040169497165132864,0.012124483617751744,-0.0038010477149878702,0.001956067542836553,0.0007153883872899188,-0.0009423090396025545,0.0018622536215085607,-0.00016143670545632293,-0.00011721138055858336,0.00035953585812530266,0.0002478184877362028,0.00044253782741345536,1.130712123914842e-05,3.14285661083502e-05,-8.458290165567829e-05,-7.192359973529839e-06,-6.498720642431826e-05,1.5393844860889006e-05,2.4792342785346578e-05,-9.174395649917243e-05,-1.154376446122528e-05,-0.0,-0.0,0.0,0.0,0.0,0.0,0.0,0.0,0.0,0.0,0.0,0.0,0.0
C15-C15ed-C15ax,74575,-0.10811013521638353,-0.16956572753757965,-0.025228829467631463,-0.0033109479742357787,-0.02542280525493972,-0.011427900367673818,0.002008524692836617,0.00021920964986513615,0.006192367877041333,8.886376740851668e-05,-0.008981426191866041,-0.003140837968711185,0.0027411186507157828,0.001047988927324489,-0.0006351617686519097,-0.0006692488068049841,0.0004396066464224315,-0.0004787897201754148,0.0008897706696480829,-8.762278955201935e-05,-0.0010680087157142455,-0.0002979001754835527,-0.00012679436176607752,-9.953518097235002e-05,-4.958631314222025e-05,-2.1062856015309996e-05,-9.966984101481522e-06,1.4347936912933886e-05,-4.6513607917833416e-05,2.3929112110113748e-05,-0.0,0.0,0.0,0.0,0.0,0.0,0.0,0.0,0.0,0.0,0.0,0.0,0.0
C62,74209,-0.031191301257252585,0.017049474680504634,0.010380251955439929,-0.10804056189497395,0.033811864255648694,0.03260940734064596,-0.007966097406874394,0.0032270447421749743,0.003911087637631513,0.00027163419391675536,0.0012067014116653304,-0.00141200484830624,0.0009805058306279757,0.0004583731376593447,-0.0004840134368968563,0.0009485906694484596,-3.505152808240434e-05,-8.306704796691947e-05,0.0001856043523475325,0.00011329013747736793,0.00021499446375362584,-9.155990353760257e-06,1.5310057170323062e-05,-5.041903671450739e-05,-1.7664346263774302e-06,-3.487101126605926e-05,6.89584006661304e-06,1.314037552902319e-05,-5.1128091612800465e-05,-5.4932279475328185e-06,-0.0,-0.0,-0.0,0.0,0.0,0.0,0.0,0.0,0.0,0.0,0.0,0.0,0.0
C65,74208,-0.025998386834076723,0.00970685725657982,0.00307952737658927,-0.02447398793050875,-0.003193246206757222,-0.028958560969706337,0.01585797091666559,-0.007512279235216512,-0.0248420597416103,0.0381174506229598,0.011608939341766428,-0.0037155850272936495,0.0019628328303739275,0.0007166355011932082,-0.0009396839032064927,0.0018350452251584234,-0.00016367217394329064,-0.0001199743881571687,0.0003564771403739387,0.00024568759189340806,0.00043857952782364675,8.633309260728353e-06,3.091539329873838e-05,-8.314682556790745e-05,-7.577504562599571e-06,-6.491112568583934e-05,1.4972434106001137e-05,2.4774252605486618e-05,-9.20125373408374e-05,-1.1558202734471917e-05,-0.0,-0.0,0.0,0.0,0.0,0.0,0.0,0.0,0.0,0.0,0.0,0.0,0.0
C50a,74225,-0.0451252703413913,0.0353708831611939,0.08714259127005802,0.011556439571967824,-0.014781183572239946,-0.0017066781075236962,-0.00038897036831783726,0.004135861811440463,0.0019600138745457735,2.001187437328167e-05,-0.01188996219426652,-0.020996778834878403,-0.006622837911822495,-0.017747817766135397,-0.0024788760950677753,0.004218654371593723,-0.001074604070780312,-0.0005656851295651131,-0.0028108609806789956,-0.0007978682865738575,0.0014895686223218275,0.00019922689904032688,0.00023567215800996444,1.5437006416238114e-05,0.00024645815664010124,-0.00027718681124143537,0.00024303099323158572,-6.721301490088808e-05,8.466820009400298e-05,7.622826858858401e-05,-0.0,0.0,-0.0,0.0,0.0,0.0,0.0,0.0,0.0,0.0,0.0,0.0,0.0
proportion_explained,0,0.3326379551403327,0.2546323107176719,0.18035966206836315,0.06299808692471638,0.05535951896066982,0.022808899611087643,0.016044384431314417,0.014576396328610167,0.01185991178204482,0.010631263583721538,0.007730682174467661,0.006714562436682959,0.004624137113248797,0.003798148866616093,0.003405934049195052,0.0027288457170480565,0.0023828061102636796,0.0020625730520884207,0.0013680988843639554,0.000839879974674823,0.0006035160082495509,0.00043946526145524455,0.00034888884584357123,0.00024138481054051316,0.00023518033815936123,0.00016905138439105458,0.00015742778754071685,0.00012794808564799858,0.00010369803156741568,9.38151942263691e-06,0.0,0.0,0.0,0.0,0.0,0.0,0.0,0.0,0.0,0.0,0.0,0.0,0.0
